Name,Category
"Крем-спрей для волос PERFECT HAIR многофункциональный 15 в 1 несмываемый, 250 мл",Красота
Средство для педикюра Гель для пяток с мочевиной быстро помогает от трещин пемза для ног в подарок,Красота
Средство для педикюра Гель для пяток с мочевиной быстро помогает от трещин 2 пемзы для ног в подарок,Красота
"720 детских влажных салфеток с алоэ и витамином Е, 6 пачек по 120 салфеток",Красота
Массажер для спины / Массажер для шеи и плеч /Электрический массажер с прогревом / Массажная подушка,Красота
"Средство для педикюра: удаление огрубевшей кожи, трещин, сухих мозолей + Пемза в подарок.Нано пятки",Красота
"Тушь для ресниц со сценическим эффектом (супер-объем)""Cabaret premiere"" тон 01, 9мл",Красота
"Средство для педикюра: удаление грубой кожи, трещин, мозолей: 2 пемзы в подарок. Нано пятки",Красота
"Профессиональный эликсир для волос многофункциональный 12 в 1, 200 мл",Красота
Маска косметическая,Красота
